{
    "layout": "catalogs",
    "sections": {
        "catalogs": {
            "type": "shop/four-columns",
            "available_types": [
                "shop/four-columns",
                "shop/three-columns",
                "shop/two-columns",
                "shop/left-side",
                "shop/right-side",
                "shop/alternating-list",
                "shop/gallery"
            ],
            "settings": {}
        }
    },
    "order": [
        "catalogs"
    ]
}